{"cameraMode":{"drawMode":0,"name":"Shaded","section":"Shading Mode"},"sceneLighting":true,"audioPlay":false,"sceneViewState":{"m_AlwaysRefresh":false,"showFog":true,"showSkybox":true,"showFlares":true,"showImageEffects":true,"showParticleSystems":true,"showVisualEffectGraphs":true,"m_FxEnabled":true},"in2DMode":false,"pivot":{"x":4.488430500030518,"y":1.4425467252731324,"z":3.1458420753479006},"rotation":{"x":0.006643145345151424,"y":-0.6818857789039612,"z":0.006524206139147282,"w":0.7314890027046204},"size":0.9738680124282837,"orthographic":false}