{"cameraMode":{"drawMode":0,"name":"Shaded","section":"Shading Mode"},"sceneLighting":true,"audioPlay":false,"sceneViewState":{"m_AlwaysRefresh":false,"showFog":true,"showSkybox":true,"showFlares":true,"showImageEffects":true,"showParticleSystems":true,"showVisualEffectGraphs":true,"m_FxEnabled":true},"in2DMode":false,"pivot":{"x":8.698907852172852,"y":3.618776559829712,"z":-3.463780641555786},"rotation":{"x":-0.012736254371702671,"y":0.2606186866760254,"z":0.0034340040292590858,"w":0.9653729796409607},"size":1.5339746475219727,"orthographic":false}