{"cameraMode":{"drawMode":0,"name":"Shaded","section":"Shading Mode"},"sceneLighting":false,"audioPlay":false,"sceneViewState":{"m_AlwaysRefresh":false,"showFog":true,"showSkybox":false,"showFlares":true,"showImageEffects":true,"showParticleSystems":true,"showVisualEffectGraphs":true,"m_FxEnabled":true},"in2DMode":false,"pivot":{"x":-0.4497348666191101,"y":2.2479021549224855,"z":-4.991201400756836},"rotation":{"x":-0.006442866288125515,"y":0.9896928071975708,"z":-0.13624219596385957,"w":-0.045737188309431079},"size":4.1019392013549809,"orthographic":false}